Wallet_ID,Reason
0xa4396a13aca2a8ff98fc8ff7dfdace14df3a0dfd,Synthetic illicit seed
0xd458befb31b5818c65ef7337c6d17eec0a66e14e,Synthetic illicit seed
0xd9dd97318eaa390d435dbbb84dbcaecca5f478e9,Synthetic illicit seed
0x7eadcd474a1fc65ffabd8ccc2b77774c7ff451db,Synthetic illicit seed
0x519d2ab96a266fdaf6aab23c3cf177eee14bb7ca,Synthetic illicit seed
0x695f7ac8f1a172fa2cd372fe776a39252c2ecdea,Synthetic illicit seed
0x0a8519fbf7d4bfc99fa6bc9a7c95084d311abcf0,Synthetic illicit seed
0x401eefb3d5a8fcdc2cdb7fde6c45124dcf9c06fd,Synthetic illicit seed
0xeaa7ae1c4097aa7d574f4d047b1ea75e2b3fe70c,Synthetic illicit seed
0x3e179d57926baf7b6d63c73c84294eb33ff11e5e,Synthetic illicit seed
0x0ebef60cebdf6fad710879d2e0b88c66e0decb53,Synthetic illicit seed
0xc7a387e1d1200c1e9b5a2aba3acc1ea47da8e34c,Synthetic illicit seed
0x124dbc3036fadfd30cbfa4bb7a3c8ebd12a3d55f,Synthetic illicit seed
0x90806ef169d6a65974deb5fc9c0e8c6ecc0bd4fd,Synthetic illicit seed
0xf00597dd33aa5ba71bf96efbdd0fd8fa90e1034a,Synthetic illicit seed
0x54c07db443da83018fb7fd64bc8d24fff52ef2a6,Synthetic illicit seed
0xfb776ccfcfb27ee4dc0fd0d59732ccbbb0e09bf6,Synthetic illicit seed
0xf5274bcec41bd1fa0e7ae8af48e041ab10ab6a7f,Synthetic illicit seed
0x4da7f5303fa8ae6aa31e2b6fd5f0de8e9dbc5287,Synthetic illicit seed
0xf6ff9f1b1d81ed52668f0da5ac09f5ef65ead5c7,Synthetic illicit seed
0xf7efc1accd02bca3d21c5fda6f8e9b0f7d1cb0eb,Synthetic illicit seed
0x72aabba9a7773d68fb933dbfa3e38a118304a17c,Synthetic illicit seed
0x130f7c76b504d1fd9db3890da1bfbb3a1891ecb3,Synthetic illicit seed
0xfcaededc850a63fedc9557b4b1cc8cfd3811c3be,Synthetic illicit seed
0x8edecc98bfffe6cd04d232dfabbb405ed0f4edcb,Synthetic illicit seed
0x9cec089bbd8192f099d83ddaf1dee7d4cd85ed3d,Synthetic illicit seed
0xd4def5fca8c35940abd3cc0e9fa6b0d488f5130c,Synthetic illicit seed
0xf5fcd4eedc5862cd1aaeaefeaae72aec5bafe1e3,Synthetic illicit seed
0xfda888a9bdfc36fdc7b0ea8ffd35abee039d70df,Synthetic illicit seed
0xb1a58fb9d7ffb6bee1ecdefcc1c1c76bedea1e42,Synthetic illicit seed
0x2fabaaa2bc38f8b6704f270caaff23fcab57fd3e,Synthetic illicit seed
0x5f0c311aafc4cfcd1819fcfe941d2cf2ebdde1f8,Synthetic illicit seed
0x9f2ba9a32f7d78147c89cc4a353caff70bcc26de,Synthetic illicit seed
0x2aa0ef1fc4bc866ca6e6679ebfcd0d1dad0dccbf,Synthetic illicit seed
